Movie,Num_of_tweets(before),Num_of_tweets(after),Num_of_Hashtags(before),Num_of_Hashtags(after),Sentiment(before),Sentiment(after)
Ready or Not,128,148,0.484375,0.6621621621621622,1.265625,1.5675675675675675
Midsommar,182,148,0.3956043956043956,0.1891891891891892,1.2087912087912087,1.364864864864865
Scary Stories to Tell in the Dark,178,170,0.2696629213483146,0.35294117647058826,1.303370786516854,1.3411764705882352
Escape Room,72,98,0.1388888888888889,0.24489795918367346,1.4166666666666667,1.653061224489796
Doctor Sleep,156,116,0.6538461538461539,0.39655172413793105,1.1666666666666667,1.293103448275862
